Cd,Cl,Clf,Clr,Cs
2.604312e-01,1.315972e-01,-2.437579e-02,1.559730e-01,2.207434e-02
