Cd,Cl,Clf,Clr,Cs
2.922108e-01,1.476556e-01,-2.159046e-02,1.692461e-01,2.476801e-02
