lRef,aRef,forcesCoR,lRefRef,aRefRef,forcesCoRRef
2.881,1.934,(1.4474999999999998 0 -0.3176),2.78618,2.17,(1.40009 0 -0.3176)
