Cd,Cl,Clf,Clr,Cs
2.815022e-01,7.139512e-03,-1.072087e-01,1.143482e-01,1.899997e-02
