Cd,Cl,Clf,Clr,Cs
2.782960e-01,7.058197e-03,-1.005857e-01,1.076439e-01,1.878357e-02
