Cd,Cl,Clf,Clr,Cs
2.921707e-01,-8.628396e-02,-1.022969e-01,1.601297e-02,1.112068e-02
