Cd,Cl,Clf,Clr,Cs
2.612033e-01,-7.713866e-02,-9.171038e-02,1.457172e-02,9.941986e-03
