lRef,aRef,forcesCoR,lRefRef,aRefRef,forcesCoRRef
2.836,1.94,(1.4249999999999998 0 -0.3176),2.78618,2.17,(1.40009 0 -0.3176)
