Cd,Cl,Clf,Clr,Cs
2.725046e-01,-1.541271e-02,-4.244807e-02,2.703536e-02,1.308170e-02
