Cd,Cl,Clf,Clr,Cs
2.458820e-01,-1.390695e-02,-3.822069e-02,2.431374e-02,1.180367e-02
