Cd,Cl,Clf,Clr,Cs
2.586246e-01,2.657112e-02,-8.402314e-02,1.105943e-01,2.592781e-02
