Cd,Cl,Clf,Clr,Cs
2.778294e-01,2.854423e-02,-8.954955e-02,1.180938e-01,2.785315e-02
