lRef,aRef,forcesCoR,lRefRef,aRefRef,forcesCoRRef
2.803,2.02,(1.4084999999999999 0 -0.3176),2.78618,2.17,(1.40009 0 -0.3176)
