Cd,Cl,Clf,Clr,Cs
2.649793e-01,2.470182e-02,-2.910788e-02,5.380970e-02,1.681593e-03
