Cd,Cl,Clf,Clr,Cs
2.345738e-01,2.186737e-02,-2.778222e-02,4.964959e-02,1.488636e-03
