lRef,aRef,forcesCoR,lRefRef,aRefRef,forcesCoRRef
2.904,1.921,(1.4589999999999999 0 -0.3176),2.78618,2.17,(1.40009 0 -0.3176)
