Cd,Cl,Clf,Clr,Cs
2.931631e-01,9.956512e-02,-5.126534e-02,1.508305e-01,4.410303e-02
