Cd,Cl,Clf,Clr,Cs
3.138331e-01,1.065851e-01,-5.933178e-02,1.659169e-01,4.721260e-02
