Cd,Cl,Clf,Clr,Cs
2.937108e-01,1.328666e-01,1.681818e-02,1.160484e-01,2.302263e-02
