Cd,Cl,Clf,Clr,Cs
3.236233e-01,1.463982e-01,1.697889e-02,1.294193e-01,2.536733e-02
