lRef,aRef,forcesCoR,lRefRef,aRefRef,forcesCoRRef
2.82,2.391,(1.4169999999999998 0 -0.3176),2.78618,2.17,(1.40009 0 -0.3176)
