Cd,Cl,Clf,Clr,Cs
3.109247e-01,6.938221e-02,-4.537165e-02,1.147539e-01,4.883181e-02
