lRef,aRef,forcesCoR,lRefRef,aRefRef,forcesCoRRef
2.972,2.223,(1.4929999999999999 0 -0.3176),2.78618,2.17,(1.40009 0 -0.3176)
