Cd,Cl,Clf,Clr,Cs
2.648200e-01,-4.905757e-02,-1.162928e-01,6.723523e-02,1.418491e-02
