Cd,Cl,Clf,Clr,Cs
2.836137e-01,-5.253907e-02,-1.287538e-01,7.621473e-02,1.519158e-02
