lRef,aRef,forcesCoR,lRefRef,aRefRef,forcesCoRRef
2.949,2.324,(1.4814999999999998 0 -0.3176),2.78618,2.17,(1.40009 0 -0.3176)
