{
  "feature_columns": [
    "geo_param_run",
    "geo_param_vehicle_length",
    "geo_param_vehicle_width",
    "geo_param_vehicle_height",
    "geo_param_front_overhang",
    "geo_param_front_planview",
    "geo_param_hood_angle",
    "geo_param_approach_angle",
    "geo_param_windscreen_angle",
    "geo_param_greenhouse_tapering",
    "geo_param_backlight_angle",
    "geo_param_decklid_height",
    "geo_param_rearend_tapering",
    "geo_param_rear_overhang",
    "geo_param_rear_diffusor_angle",
    "geo_param_vehicle_ride_height",
    "geo_param_vehicle_pitch",
    "length_to_width",
    "height_to_width",
    "wheelbase_proxy",
    "wheelbase_to_length",
    "frontal_area_proxy",
    "overhang_total_proxy",
    "overhang_front_proxy",
    "overhang_rear_proxy"
  ],
  "mean": {
    "geo_param_run": 248.6797520661157,
    "geo_param_vehicle_length": 49.93583308471075,
    "geo_param_vehicle_width": 0.6151906710743801,
    "geo_param_vehicle_height": 0.1269080780991716,
    "geo_param_front_overhang": -25.965636152892564,
    "geo_param_front_planview": 0.9034326646694216,
    "geo_param_hood_angle": 0.05237820351239664,
    "geo_param_approach_angle": -5.333922526219009,
    "geo_param_windscreen_angle": 0.17971268595041445,
    "geo_param_greenhouse_tapering": 0.8375756204545466,
    "geo_param_backlight_angle": 50.18060776921487,
    "geo_param_decklid_height": -0.586821017768595,
    "geo_param_rearend_tapering": -9.95985286216942,
    "geo_param_rear_overhang": -23.68495466528925,
    "geo_param_rear_diffusor_angle": 0.14198853243801637,
    "geo_param_vehicle_ride_height": -0.17871281239669415,
    "geo_param_vehicle_pitch": 0.003998794212809918,
    "length_to_width": -15.678625616173077,
    "height_to_width": -3.644763963600922,
    "wheelbase_proxy": 73.48048808057851,
    "wheelbase_to_length": 0.41220975911998775,
    "frontal_area_proxy": -13.93987738232275,
    "overhang_total_proxy": 99.88228402685948,
    "overhang_front_proxy": 49.94114201342974,
    "overhang_rear_proxy": 49.94114201342974
  },
  "std": {
    "geo_param_run": 145.8058591918706,
    "geo_param_vehicle_length": 115.2041822703447,
    "geo_param_vehicle_width": 57.6545623249568,
    "geo_param_vehicle_height": 57.55815210154012,
    "geo_param_front_overhang": 71.91126525302703,
    "geo_param_front_planview": 43.24769667057377,
    "geo_param_hood_angle": 28.972774426025573,
    "geo_param_approach_angle": 20.154660642787924,
    "geo_param_windscreen_angle": 87.12260730730023,
    "geo_param_greenhouse_tapering": 57.4323914754947,
    "geo_param_backlight_angle": 86.54962516597998,
    "geo_param_decklid_height": 28.990227042185733,
    "geo_param_rearend_tapering": 46.03139064085544,
    "geo_param_rear_overhang": 71.97674727896953,
    "geo_param_rear_diffusor_angle": 29.01020680952446,
    "geo_param_vehicle_ride_height": 28.864492312103888,
    "geo_param_vehicle_pitch": 0.5747767816149961,
    "length_to_width": 359.80018845339566,
    "height_to_width": 95.8567383461072,
    "wheelbase_proxy": 26.10096044400219,
    "wheelbase_to_length": 0.12017714718192583,
    "frontal_area_proxy": 3336.442359582425,
    "overhang_total_proxy": 25.20379516687384,
    "overhang_front_proxy": 12.60189758343692,
    "overhang_rear_proxy": 12.60189758343692
  },
  "train_feature_min": {
    "geo_param_run": 1.0,
    "geo_param_vehicle_length": -149.862,
    "geo_param_vehicle_width": -99.639,
    "geo_param_vehicle_height": -99.6302,
    "geo_param_front_overhang": -149.609,
    "geo_param_front_planview": -74.7763,
    "geo_param_hood_angle": -49.9714,
    "geo_param_approach_angle": -39.9133,
    "geo_param_windscreen_angle": -149.805,
    "geo_param_greenhouse_tapering": -99.9138,
    "geo_param_backlight_angle": -99.6293,
    "geo_param_decklid_height": -49.9165,
    "geo_param_rearend_tapering": -89.6932,
    "geo_param_rear_overhang": -149.624,
    "geo_param_rear_diffusor_angle": -49.8318,
    "geo_param_vehicle_ride_height": -49.8942,
    "geo_param_vehicle_pitch": -0.999641,
    "length_to_width": -7905.323409247199,
    "height_to_width": -2092.977630354759,
    "wheelbase_proxy": 0.31839999999999336,
    "wheelbase_to_length": 0.002237133321622999,
    "frontal_area_proxy": -9264.4143838,
    "overhang_total_proxy": 6.820490000000007,
    "overhang_front_proxy": 3.4102450000000033,
    "overhang_rear_proxy": 3.4102450000000033
  },
  "train_feature_max": {
    "geo_param_run": 500.0,
    "geo_param_vehicle_length": 249.356,
    "geo_param_vehicle_width": 99.9703,
    "geo_param_vehicle_height": 99.9792,
    "geo_param_front_overhang": 99.903,
    "geo_param_front_planview": 74.9307,
    "geo_param_hood_angle": 49.8333,
    "geo_param_approach_angle": 29.95,
    "geo_param_windscreen_angle": 149.61,
    "geo_param_greenhouse_tapering": 99.6956,
    "geo_param_backlight_angle": 199.785,
    "geo_param_decklid_height": 49.8881,
    "geo_param_rearend_tapering": 69.9943,
    "geo_param_rear_overhang": 99.8875,
    "geo_param_rear_diffusor_angle": 49.9729,
    "geo_param_vehicle_ride_height": 49.9105,
    "geo_param_vehicle_pitch": 0.996453,
    "length_to_width": 262.2695035460993,
    "height_to_width": 213.81546075328941,
    "wheelbase_proxy": 197.97483999999997,
    "wheelbase_to_length": 0.9538513742100491,
    "frontal_area_proxy": 9569.6462412,
    "overhang_total_proxy": 231.4605,
    "overhang_front_proxy": 115.73025,
    "overhang_rear_proxy": 115.73025
  },
  "mahalanobis_warning_threshold": 7.188612993038833
}